matrix_id	dimension	circular	visited_supports	candidate_representatives	current_samples	current_ns	old_samples	old_ns	fflu_samples	fflu_ns	hybrid_samples	hybrid_ns	ffldlt_samples	ffldlt_ns	rational_samples	rational_ns
67	2	1	1	1	86022	334	139529	458	33150	708	198334	875	79473	417	413737	375
68	3	1	1	1	86957	459	134826	542	32087	834	196735	1042	73617	625	406670	458
1	2	0	3	1	53571	625	187512	917	28881	1333	149076	1625	42630	584	92662	625
2	2	0	2	2	76191	500	115943	833	31916	1042	179084	1375	65755	584	489956	500
41	2	0	3	1	60761	584	195122	1042	30535	1292	154847	1583	39409	709	92670	625
42	2	0	2	1	57007	375	126985	625	32215	917	220216	1083	74767	458	452694	416
44	2	0	3	1	72728	583	137932	1042	28812	1292	195122	1583	65755	584	72291	625
43	2	0	2	2	93748	458	115943	666	32476	959	176461	1250	75002	500	413737	458
69	4	1	3	1	58824	1000	97963	1500	26201	1875	126311	2291	43321	1125	86022	1208
4	3	0	4	2	57554	875	98766	1583	28812	1750	146328	2333	47620	834	91601	917
3	3	0	6	1	45198	1250	80809	2625	26667	2500	138735	2875	54298	1125	86334	1459
39	2	0	3	1	48584	1000	42705	4750	28572	2459	109099	2917	58966	875	93389	1042
38	2	0	3	1	49896	1167	97963	1917	28674	2125	115394	2750	69770	917	95621	1125
6	3	0	6	2	51175	1292	92311	2292	27181	2625	124348	3291	50739	1208	84804	1542
5	3	0	6	2	43165	1333	138716	1875	27940	2417	117083	3042	59702	1167	84211	1416
8	5	1	5	1	45115	2167	101266	3208	25397	3291	96386	3959	37559	2000	58252	2333
10	6	1	5	2	49898	2541	94118	3459	24692	3667	87276	4667	33520	2416	59848	2750
7	4	0	5	3	64000	1208	71220	1916	29269	2292	122444	3167	55427	1042	64000	1292
9	5	0	16	6	25237	4792	70383	8083	24341	7167	64173	9708	33287	3750	56339	5459
11	7	1	9	2	22264	5209	61380	7458	21681	6542	62993	8375	30458	4208	45978	5375
37	4	0	8	2	48389	2042	91601	3917	27028	3542	97561	4417	44036	1667	77925	2292
36	4	0	8	2	62665	2125	91955	4042	25807	3542	95239	4458	43244	1625	74997	2334
72	7	0	23	4	36255	7917	37559	14625	19003	11541	50741	13500	30458	5208	34189	8583
14	9	1	16	3	28369	11666	33196	16792	17805	13000	37384	16292	28504	8708	30152	11667
71	6	0	37	2	22202	13375	23055	26708	16184	18125	37915	19208	31747	8458	33709	13834
13	8	1	20	3	18943	16500	23099	25416	17379	15833	33013	20125	30419	9708	28572	15291
20	12	1	15	3	20426	15125	28811	20041	16961	14833	34885	17583	22141	10792	27555	14833
17	11	1	27	4	2225	31417	13080	41625	13009	27833	19770	34250	2106	18750	13453	28208
80	9	1	35	3	12699	40375	9064	64667	12140	31042	19885	37833	23302	19916	16054	36041
15	10	1	40	4	8581	46208	8949	77500	10895	36042	17022	43542	18883	22708	14761	37834
73	8	0	90	3	10205	55334	6496	119209	8665	55000	14679	56833	14185	27916	12733	48625
51	20	0	20	20	20017	21792	29593	25083	19003	22084	19434	43000	18307	9416	41522	21792
16	11	1	83	5	4766	131500	4464	184334	6610	87125	8200	99666	8131	57375	6805	104874
81	10	1	66	4	5083	143125	1619	227167	7545	72625	8932	89250	13629	43458	7146	94000
49	16	0	263	8	4576	183666	3801	240750	4174	164083	5048	170833	5386	103000	4574	179625
18	12	1	80	8	2592	162500	1615	234791	6131	91792	7163	112208	7773	54583	6576	104041
19	12	1	103	7	4066	177084	2773	309958	5499	104417	6207	127542	6875	64584	5539	127000
74	9	0	257	4	1850	283291	1870	498124	3218	215208	4074	217333	5532	101083	3842	206042
75	10	0	346	5	1619	420583	1199	793000	2474	319375	3012	319374	3914	145208	2834	296834
22	13	1	191	7	1192	521020	1168	807958	2898	254125	3079	284750	3329	163875	2567	317750
76	11	0	578	3	876	1020437	564	1747020	1346	680478	1461	681042	2013	307292	1402	646229
23	14	1	324	10	746	1091416	670	1456250	1579	533083	1653	574458	1769	342542	1294	696666
82	11	0	884	70	567	1372416	437	2243082	1130	786333	1008	953978	2035	433083	1029	909041
77	12	0	1364	5	282	3432019	199	5033039	482	1944436	509	1948791	821	906791	474	2052686
78	13	0	1538	3	175	4502164	133	7451038	396	2450644	406	2454062	590	1180583	376	2594936
79	14	0	1769	6	121	4738039	148	6729580	382	2578749	385	2590165	628	1243625	356	2767728
24	15	1	921	16	147	5619038	136	7338392	453	2147749	429	2293749	511	1335750	340	2885644
25	16	1	1253	20	126	7929078	93	10802119	334	2928269	324	3056956	376	1947312	243	4072998
83	13	0	4309	157	65	12635410	53	18863781	181	5482622	166	6014455	243	3325957	137	7254704
46	11	0	2047	1	31	28959567	40	25237860	79	12594493	79	12655242	96	8176309	54	18777156
27	18	1	4835	36	20	48489784	17	62116172	64	15561741	63	15953283	76	10895286	47	21690279
56	15	0	17548	216	14	63763068	12	88158657	37	27672400	36	28231066	35	20991949	21	48018223
84	14	0	10903	233	16	58904216	11	91062948	55	18185365	51	19676739	77	10324995	40	25480840
29	19	1	12776	4	11	92323405	9	120537056	23	37888061	27	37824437	32	27552216	20	50711804
57	16	0	29844	324	8	129816196	7	164774363	20	51715345	20	52378490	23	39134190	11	93015821
28	19	1	8042	60	10	107305084	7	144288833	34	29890295	33	30780149	40	21446010	28	36658208
26	17	1	3677	24	10	97142798	9	121354721	47	21252863	45	22556487	78	10588224	40	25053444
48	15	0	16384	1	7	157820325	6	172327984	10	104225690	10	104181294	13	78331797	11	92931155
85	16	0	35318	536	4	255454186	3	381675238	15	70428376	14	73745000	23	41211648	11	97798693
30	20	1	18801	72	4	297706598	3	358561167	12	86035388	12	87019783	16	59632660	9	116975932
35	18	1	7591	11	4	284328919	3	391300148	20	50016908	20	51187804	36	24557342	15	67058336
58	17	0	81136	486	3	425371171	2	601724048	7	164930613	7	166371862	8	122959922	4	291111664
86	17	0	62654	784	2	511696100	2	758374582	8	135848359	8	140484376	12	80503484	6	188696432
31	21	1	38909	123	2	799231767	2	985539264	5	223979829	5	226428827	7	159852967	4	297316390
59	18	0	154746	648	2	952548741	1	1319931237	3	353303712	3	355970128	4	267002584	2	628745408
50	18	0	139130	68	1	1134865969	1	1242790657	2	506177249	2	506944456	4	290816426	2	581502998
53	23	0	107275	12	1	1216776089	1	1617821731	3	356732419	3	356421502	6	194854554	3	418220675
32	22	1	72138	156	1	1290718545	1	1601594199	3	473906518	3	475849100	3	368168786	2	633743759
87	18	0	164748	1164	1	1645840423	1	2157345544	3	456916527	3	467424855	4	294350549	2	640168026
60	19	0	273154	972	1	1922023306	1	2502754178	2	681754314	2	685470208	2	531205668	1	1257747606
70	25	1	110976	8	1	2324902656	1	2704010312	2	619225184	2	619320996	3	372096826	2	726888518
88	19	0	304102	1694	1	3502734225	1	4577673396	2	934614752	2	948095556	2	608580174	1	1302683205
61	20	0	697086	1458	1	5870352648	1	8290657874	1	2060713934	1	2067285430	1	1570267598	1	3624898363
54	24	0	520742	23	1	6566341454	1	8512539454	1	1949961456	1	1943587919	1	1174758283	1	2415328395
52	21	0	1572864	1	1	10242418538	1	19347458190	1	5389934801	1	5395540422	1	3813422798	1	6966168307
34	24	1	273666	345	1	9554646060	1	11592848756	1	3039419618	1	3047124905	1	2444065814	1	3775172359
62	21	0	1342780	1944	1	13110048921	1	18231955002	1	4430005898	1	4459200672	1	3408102446	1	7845274339
63	22	0	2432484	2916	1	26759302906	1	35214308184	1	8776647885	1	8789783294	1	6909950014	1	15980903595
33	23	1	179397	95	1	28070901897	1	34960738373	1	3775946317	1	3800327344	1	2055311913	1	4068153515
64	23	0	5922352	4374	1	76002069081	1	107894178079	1	24892561047	1	24920362833	1	19294581090	1	43444342041
89	22	0	3095388	6300	1	71196569045	1	90000177444	1	15537235283	1	15639881830	1	9938538388	1	22064749198
55	20	0	1048575	1	1	61490146193	1	102021095861	1	7645757804	1	7659938551	1	4279167371	1	16316634585
